{
  "project_info": {
    "project_number": "51101890272",
    "project_id": "deneme-720c3",
    "storage_bucket": "deneme-720c3.appspot.com"
  },
  "client": [
    {
      "client_info": {
        "mobilesdk_app_id": "1:51101890272:android:b7c94a623e4b6f85418285",
        "android_client_info": {
          "package_name": "com.example.fbd"
        }
      },
      "oauth_client": [
        {
          "client_id": "51101890272-sthrj286i60u7k8rd0i0v5un9i21813p.apps.googleusercontent.com",
          "client_type": 3
        }
      ],
      "api_key": [
        {
          "current_key": "AIzaSyAETeBp6j2HXbpMGVvMh8NpgK98BSlvtZc"
        }
      ],
      "services": {
        "appinvite_service": {
          "other_platform_oauth_client": [
            {
              "client_id": "51101890272-sthrj286i60u7k8rd0i0v5un9i21813p.apps.googleusercontent.com",
              "client_type": 3
            }
          ]
        }
      }
    }
  ],
  "configuration_version": "1"
}